1440645936,stashkiv_mykhailo,M,Stashkiv
1440645936,stashkiv_mykhailo,M,Stashkiv
1440645936,stashkiv_mykhailo,M,Stashkiv
1440645936,stashkiv_mykhailo,M,Stashkiv
1440645936,stashkiv_mykhailo,M,Stashkiv
1440645936,stashkiv_mykhailo,M,Stashkiv
1440645936,stashkiv_mykhailo,M,Stashkiv
1440645936,stashkiv_mykhailo,M,Stashkiv
1440645936,stashkiv_mykhailo,M,Stashkiv
1440645936,stashkiv_mykhailo,M,Stashkiv
1440645936,stashkiv_mykhailo,M,Stashkiv
1440645936,stashkiv_mykhailo,M,Stashkiv
1440645936,stashkiv_mykhailo,M,Stashkiv
1440645936,stashkiv_mykhailo,M,Stashkiv
1440645936,stashkiv_mykhailo,M,Stashkiv
1440645936,stashkiv_mykhailo,M,Stashkiv
1440645936,stashkiv_mykhailo,M,Stashkiv
1440645936,stashkiv_mykhailo,M,Stashkiv
1440645936,stashkiv_mykhailo,M,Stashkiv
1440645936,stashkiv_mykhailo,M,Stashkiv
1440645936,stashkiv_mykhailo,M,Stashkiv
1440645936,stashkiv_mykhailo,M,Stashkiv
1440645936,stashkiv_mykhailo,M,Stashkiv
1440645936,stashkiv_mykhailo,M,Stashkiv
1440645936,stashkiv_mykhailo,M,Stashkiv
1440645936,stashkiv_mykhailo,M,Stashkiv
1440645936,stashkiv_mykhailo,M,Stashkiv
1440645936,stashkiv_mykhailo,M,Stashkiv
1440645936,stashkiv_mykhailo,M,Stashkiv
1440645936,stashkiv_mykhailo,M,Stashkiv
1440645936,stashkiv_mykhailo,M,Stashkiv
1440645936,stashkiv_mykhailo,M,Stashkiv
1440645936,stashkiv_mykhailo,M,Stashkiv
1440645936,stashkiv_mykhailo,M,Stashkiv
1440645936,stashkiv_mykhailo,M,Stashkiv
1440645936,stashkiv_mykhailo,M,Stashkiv
1440645936,stashkiv_mykhailo,M,Stashkiv
1440645936,stashkiv_mykhailo,M,Stashkiv
1440645936,stashkiv_mykhailo,M,Stashkiv
1440645936,stashkiv_mykhailo,M,Stashkiv
1440645936,stashkiv_mykhailo,M,Stashkiv
1440645936,stashkiv_mykhailo,M,Stashkiv
1440645936,stashkiv_mykhailo,M,Stashkiv
1440645936,stashkiv_mykhailo,M,Stashkiv
1440645936,stashkiv_mykhailo,M,Stashkiv
1440645936,stashkiv_mykhailo,M,Stashkiv
1440645936,stashkiv_mykhailo,M,Stashkiv
